Var1,Freq,start,end
10_9:9-10del(29582:29582-29587del),1276,29582,29587
3A_103:A>APins(25699:G>GCCC),12327,25700,25702
3A_103:A>APPins(25699:G>GCCCCCC),1748,25700,25705
3A_19:19-28del(25446:25446-25475del),1065,25446,25475
3A_255:255-255del(26155:26155-26157del),4301,26155,26157
3A_256:256-259del(26158:26158-26169del),596,26158,26169
3A_256:VN>D(26159:26159-26161del),1404,26159,26161
3A_257:257-259del(26161:26161-26169del),563,26161,26169
3A_29:29-29del(25475:25475-25477del),1273,25475,25477
3A_43:F>FGAAins(25520:T>TCGGGGCGGC),1342,25521,25529
6_2:2-2del(27205:27205-27207del),5568,27205,27207
6_22:22-30del(27264:27264-27290del),894,27264,27290
7A_100:100-102del(27691:27691-27699del),666,27691,27699
7A_101:101-102del(27692:27692-27697del),2526,27692,27697
7A_102:102-103del(27695:27695-27700del),992,27695,27700
7A_103:103-103del(27698:27698-27700del),869,27698,27700
7A_104:104-104del(27701:27701-27703del),730,27701,27703
7A_110:110-110del(27721:27721-27723del),736,27721,27723
7A_5:5-23del(27405:27405-27461del),3760,27405,27461
7A_54:54-62del(27551:27551-27577del),2507,27551,27577
7A_54:54-76del(27553:27553-27621del),1336,27553,27621
7A_54:FALTCFSTQ>L(27555:27555-27578del),1806,27555,27578
7A_55:55-75del(27555:27555-27617del),734,27555,27617
7A_59:59-62del(27568:27568-27579del),2284,27568,27579
7A_59:59-64del(27568:27568-27585del),557,27568,27585
7A_62:QF>H(27579:27579-27581del),5285,27579,27581
7A_63:63-77del(27579:27579-27623del),780,27579,27623
7A_67:67-82del(27591:27591-27638del),650,27591,27638
7A_75:YQL>*(27618:27618-27623del),624,27618,27623
7A_94:94-101del(27671:27671-27694del),641,27671,27694
7B_13:13-13del(27792:27792-27794del),2454,27792,27794
7B_14:14-14del(27795:27795-27797del),1879,27795,27797
7B_44:*TNMKF>Y(27887:27887-27901del),5337,27887,27901
8B_118:118-119del(28244:28244-28249del),1159,28244,28249
8B_118:LDFI>F(28246:28246-28254del),792,28246,28254
8B_119:119-119del(28248:28248-28250del),845,28248,28250
8B_119:119-120del(28248:28248-28253del),2863930,28248,28253
8B_119:DF>V(28249:28249-28251del),3666,28249,28251
8B_120:F>SVins(28251:T>TCTG),1003,28252,28254
8B_45:WY>C(28028:28028-28030del),1139,28028,28030
8B_58:58-58del(28065:28065-28067del),692,28065,28067
8B_66:66-67del(28087:28087-28092del),793,28087,28092
8B_66:GS>A(28090:28090-28092del),500,28090,28092
8B_66:GSK>E(28090:28090-28095del),5594,28090,28095
8B_86:FT>S(28150:28150-28152del),10635,28150,28152
N_2:SD>Y(28278:28278-28280del),5538,28278,28280
N_208:AR>G(28896:28896-28898del),5615,28896,28898
N_214:214-214del(28913:28913-28915del),855,28913,28915
N_214:214-215del(28912:28912-28917del),3236,28912,28917
N_31:31-33del(28362:28362-28370del),50567,28362,28370
NSP1_135:SY>N(669:669-671del),576,669,671
NSP1_141:141-143del(686:686-694del),32524,686,694
NSP1_54:54-54del(423:423-425del),756,423,425
NSP1_81:81-82del(505:505-510del),2611,505,510
NSP1_82:82-85del(509:509-520del),564,509,520
NSP1_82:82-86del(508:508-522del),13112,508,522
NSP1_82:GHVM>V(510:510-518del),10215,510,518
NSP1_84:84-84del(514:514-516del),19747,514,516
NSP1_84:84-85del(515:515-520del),10520,515,520
NSP1_84:84-86del(514:514-522del),1562,514,522
NSP1_85:85-85del(516:516-518del),5014,516,518
NSP1_85:85-85del(518:518-520del),10074,518,520
NSP1_85:MVE>K(519:519-524del),1897,519,524
NSP1_86:86-86del(521:521-523del),1465,521,523
NSP14_287:287-287del(18896:18896-18898del),594,18896,18898
NSP2_265:265-266del(1598:1598-1603del),833,1598,1603
NSP2_268:268-268del(1605:1605-1607del),1752,1605,1607
NSP3_1201:1201-1201del(6320:6320-6322del),638,6320,6322
NSP3_1263:1263-1263del(6506:6506-6508del),1374,6506,6508
NSP3_1265:SL>I(6513:6513-6515del),52360,6513,6515
NSP3_1313:1313-1321del(6655:6655-6681del),719,6655,6681
NSP3_1323:1323-1323del(6684:6684-6686del),664,6684,6686
NSP3_206:206-207del(3335:3335-3340del),981,3335,3340
NSP3_276:NG>R(3546:3546-3548del),511,3546,3548
NSP3_411:DK>E(3951:3951-3953del),581,3951,3953
NSP6_104:SL>M(11283:11283-11285del),1539,11283,11285
NSP6_105:105-107del(11283:11283-11291del),51523,11283,11291
NSP6_105:LSG>C(11286:11286-11291del),2197,11286,11291
NSP6_106:106-108del(11288:11288-11296del),1122801,11288,11296
NSP6_37:37-37del(11081:11081-11083del),626,11081,11083
S_108:T>TAVins(21885:C>CTGCTGT),669,21886,21891
S_141:141-143del(21981:21981-21989del),2140,21981,21989
S_141:141-144del(21982:21982-21993del),946,21982,21993
S_142:GVYY>D(21987:21987-21995del),50996,21987,21995
S_143:143-143del(21988:21988-21990del),1138,21988,21990
S_143:V>VTins(21990:T>TTAC),8146,21991,21993
S_143:VY>D(21990:21990-21992del),797,21990,21992
S_143:VYY>D(21990:21990-21995del),715,21990,21995
S_144:144-144del(21991:21991-21993del),956874,21991,21993
S_145:145-145del(21995:21995-21997del),1627,21995,21997
S_155:SEF>I(22026:22026-22031del),799,22026,22031
S_156:156-157del(22028:22028-22033del),540,22028,22033
S_156:EF>D(22030:22030-22032del),4202,22030,22032
S_156:EF>V(22029:22029-22031del),1263,22029,22031
S_156:EFR>G(22029:22029-22034del),2850030,22029,22034
S_210:210-210del(22189:22189-22191del),2685,22189,22191
S_211:NL>I(22194:22194-22196del),49514,22194,22196
S_214:R>REPEins(22204:T>TGAGCCAGAA),41221,22205,22213
S_214:R>RTDRins(22204:T>TACAGATCGA),1051,22205,22213
S_215:D>AAGYins(22205:G>GCGGCAGGCT),1526,22206,22214
S_241:241-243del(22281:22281-22289del),26795,22281,22289
S_243:243-244del(22289:22289-22294del),2184,22289,22294
S_246:RSYLTPGD>N(22299:22299-22319del),7070,22299,22319
S_69:69-70del(21765:21765-21770del),1024593,21765,21770
S_69:69-70del(21767:21767-21772del),1338,21767,21772
